Parameters:TimeZone=America/New_York,,,,
GCLID,Conversion Name,Conversion Time,Conversion Value,Conversion Currency
CjwKCAjwzNTUBhAjEiwA7zcvWhGZ0_jE_iAY_yAVx8qtg1kO5I2G5ROUQNtYyg1q0pvQPieCFU2T0xoCHaEQAvD_BwE,Qualified Lead,8/31/2026 9:12:00 AM America/New_York,200,USD
CjwKCAjwrNrQBhBjEiwAoR4VO2QBfj9NvYY6KChngZlI_c88p7vuHd2jy3oRzv-sRpRjeduJjzw1ARoC1PoQAvD_BwE,Qualified Lead,8/1/2026 12:00:00 AM America/New_York,200,USD
CjwKCAjwrNrQBhBjEiwAoR4VO2QBfj9NvYY6KChngZlI_c88p7vuHd2jy3oRzv-sRpRjeduJjzw1ARoC1PoQAvD_BwE,Sold Job,8/4/2026 12:00:00 AM America/New_York,18240,USD
CjwKCAjwhNbTBhB4EiwAsFSg-gZx5aeqdXfCzLAJFPt4ROIhUC8rvxzqT5cMieGez9cJrTNH6ZzNNBoCWZkQAvD_BwE,Qualified Lead,8/7/2026 5:37:00 PM America/New_York,200,USD
CjwKCAjwkaXUBhASEiwAZI3dsxeP5ly788usntC40l1Z76sf7lcj58llmKCydtLAZGQx5cSGqNrXBxoCewgQAvD_BwE,Qualified Lead,8/22/2026 4:25:00 PM America/New_York,200,USD
Cj0KCQjw4orUBhCjARIsAIbF3qyGnsiRQzvPoRenYRxRgwCwAPj2PoH3WPuf7hVWkLPcYnaFb2P6pwMaAgMgEALw_wcB,Qualified Lead,8/17/2026 7:56:00 PM America/New_York,200,USD
EAIaIQobChMI5JHFh9-blgMVj19HAR0Ejwv6EAAYASAAEgK2avD_BwE,Qualified Lead,8/12/2026 12:00:00 AM America/New_York,200,USD
Cj0KCQjw4orUBhCjARIsAIbF3qyan5bFZyEPuOh9rjvQ3MH0lWO5VaydnEYri_QrOJm6EFxmHVdra4caAo8DEALw_wcB,Qualified Lead,8/17/2026 12:00:00 AM America/New_York,200,USD
Cj0KCQjw4orUBhCjARIsAIbF3qyan5bFZyEPuOh9rjvQ3MH0lWO5VaydnEYri_QrOJm6EFxmHVdra4caAo8DEALw_wcB,Qualified Lead,8/28/2026 12:00:00 AM America/New_York,200,USD
Cj0KCQjw4orUBhCjARIsAIbF3qyan5bFZyEPuOh9rjvQ3MH0lWO5VaydnEYri_QrOJm6EFxmHVdra4caAo8DEALw_wcB,Sold Job,8/28/2026 12:00:01 AM America/New_York,10569,USD
CjwKCAjw3ejRBhAdEiwADkqPn51ORcEanIis08-s2GkOz4UlaIps356or3b0R6DU6c-VT7ZYktVUohoCOrgQAvD_BwE,Qualified Lead,8/7/2026 12:00:00 AM America/New_York,200,USD
CjwKCAjw3ejRBhAdEiwADkqPn51ORcEanIis08-s2GkOz4UlaIps356or3b0R6DU6c-VT7ZYktVUohoCOrgQAvD_BwE,Sold Job,8/7/2026 12:00:01 AM America/New_York,0,USD
CjwKCAjw3ejRBhAdEiwADkqPn51ORcEanIis08-s2GkOz4UlaIps356or3b0R6DU6c-VT7ZYktVUohoCOrgQAvD_BwE,Sold Job,8/7/2026 12:00:01 AM America/New_York,10400,USD
CjwKCAjw-rTUBhAiEiwADv8gBPQrWxhzTE2sK5iwdMB3LO3E_vzPp3gacqFKgzX-WbAkGSQUofQ1BRoC2gIQAvD_BwE,Qualified Lead,8/25/2026 7:36:00 AM America/New_York,200,USD
EAIaIQobChMIqvnGpZDRgwMV2UhHAR1xDA7vEAMYASAAEgLiZfD_BwE,Qualified Lead,8/3/2026 12:00:00 AM America/New_York,200,USD
EAIaIQobChMIqvnGpZDRgwMV2UhHAR1xDA7vEAMYASAAEgLiZfD_BwE,Sold Job,8/3/2026 12:00:01 AM America/New_York,20685,USD
EAIaIQobChMIqvnGpZDRgwMV2UhHAR1xDA7vEAMYASAAEgLiZfD_BwE,Sold Job,8/3/2026 12:00:01 AM America/New_York,384,USD
EAIaIQobChMIqvnGpZDRgwMV2UhHAR1xDA7vEAMYASAAEgLiZfD_BwE,Sold Job,8/3/2026 12:00:01 AM America/New_York,6471,USD
EAIaIQobChMIqvnGpZDRgwMV2UhHAR1xDA7vEAMYASAAEgLiZfD_BwE,Sold Job,8/4/2026 12:00:00 AM America/New_York,8571,USD
Cj0KCQjwm8bTBhDWARIsAC9Hi8n2i9CNsBlLdap6vqdBKDLJ9M_oRb88SAVHMs3EdN38kV7cTDcXs64aAorGEALw_wcB,Qualified Lead,8/4/2026 3:16:00 PM America/New_York,200,USD
CjwKCAjwy5rUBhB5EiwAIoAtCvHqHRrX_o6KBOLQq9bT-E5gt1UtI-XiupmvCPVCmJsleHc_QuLzfhoCYlgQAvD_BwE,Qualified Lead,8/26/2026 7:45:00 PM America/New_York,200,USD
CjwKCAjwkaXUBhASEiwAZI3ds5rYj0ePKjvu19UGAlNluLGGlkTvFavAPG2yYj7rlFyGbX7sdPnu1BoCsDYQAvD_BwE,Qualified Lead,8/22/2026 12:00:00 AM America/New_York,200,USD
CjwKCAjwkaXUBhASEiwAZI3ds5rYj0ePKjvu19UGAlNluLGGlkTvFavAPG2yYj7rlFyGbX7sdPnu1BoCsDYQAvD_BwE,Sold Job,8/25/2026 12:00:00 AM America/New_York,9400,USD
EAIaIQobChMI_Ib59MqClgMVwE1HAR2Z2RgTEAAYASABEgLxoPD_BwE,Qualified Lead,8/5/2026 12:00:00 AM America/New_York,200,USD
EAIaIQobChMI4PHghvWOlgMVALMDAB3USxUoEAAYAiAAEgKOKvD_BwE,Qualified Lead,8/24/2026 12:00:00 AM America/New_York,200,USD
Cj0KCQjwv4XUBhDBARIsAE6bQUSijgUN7MAz9isMvfb5QGwD_s0pW3yyDjh9DkD5ES7EyYgmoXuYvHAaAoplEALw_wcB,Qualified Lead,8/24/2026 12:00:00 AM America/New_York,200,USD
EAIaIQobChMIyKXay9KElgMVvEb_AR2ulwbyEAAYASABEgLgh_D_BwE,Qualified Lead,8/3/2026 12:00:00 AM America/New_York,200,USD
EAIaIQobChMIyKXay9KElgMVvEb_AR2ulwbyEAAYASABEgLgh_D_BwE,Sold Job,8/3/2026 12:00:01 AM America/New_York,28014,USD
EAIaIQobChMIkc32weS0lgMVtktHAR1_JDjOEAAYAiAAEgKXi_D_BwE,Qualified Lead,8/24/2026 12:00:00 AM America/New_York,200,USD
Cj0KCQjwkOvTBhDgARIsAKUNyRttaDn8xXMg9ZMTTunV4uAhGHJ3AKoawda42-pl2IwHo1mE1Z7_SHAaAlTtEALw_wcB,Qualified Lead,8/11/2026 12:00:00 AM America/New_York,200,USD
Cj0KCQjw-frTBhCvARIsADv4XY5-2Eo1YeP9OpmEIdRARegZLLE2nCTxLv14H_2DjHCHpBXBrsz4R8EaAqSxEALw_wcB,Qualified Lead,8/14/2026 12:00:00 AM America/New_York,200,USD
Cj0KCQjw-frTBhCvARIsADv4XY5-2Eo1YeP9OpmEIdRARegZLLE2nCTxLv14H_2DjHCHpBXBrsz4R8EaAqSxEALw_wcB,Sold Job,8/17/2026 12:00:00 AM America/New_York,16000,USD
CjwKCAjwhNbTBhB4EiwAsFSg-rVqPXam8FSly-2D4W6XF2gIPtL9DBpQN8A5djKcEiUKKtbRQviyQRoCg9oQAvD_BwE,Qualified Lead,8/7/2026 12:00:00 AM America/New_York,200,USD
CjwKCAjwj7HTBhBiEiwA8s35OuBBn6FrTmkC3RyoraisXE-wP735Log4fJjAD5jovlOdYNDUKPv1MRoCO9MQAvD_BwE,Qualified Lead,8/4/2026 12:00:00 AM America/New_York,200,USD
CjwKCAjwhqfPBhBWEiwAZo196s18sUNYZ7lvnZM2cZDJfu-8tlVG7GheIGRChkmmU5cHWiB4koTfARoCEFoQAvD_BwE,Qualified Lead,8/4/2026 12:00:00 AM America/New_York,200,USD
CjwKCAjwhqfPBhBWEiwAZo196s18sUNYZ7lvnZM2cZDJfu-8tlVG7GheIGRChkmmU5cHWiB4koTfARoCEFoQAvD_BwE,Sold Job,8/4/2026 12:00:01 AM America/New_York,25600,USD
CjwKCAjwhqfPBhBWEiwAZo196s18sUNYZ7lvnZM2cZDJfu-8tlVG7GheIGRChkmmU5cHWiB4koTfARoCEFoQAvD_BwE,Sold Job,8/4/2026 12:00:01 AM America/New_York,5400,USD
CjwKCAjwqJXUBhBNEiwA8BgG7otIlhRE6crmGGpEMljRL6i3hDRdLkKW1-KpCoTdiERkrdmmI8uaqhoCzaMQAvD_BwE,Qualified Lead,8/19/2026 4:41:00 PM America/New_York,200,USD
CjwKCAjwy5rUBhB5EiwAIoAtCqSaty5AnuEi7h4v3TvoNz7RYQT_vfMiuk2sBcj67yAqLM24ibFFihoCM5UQAvD_BwE,Qualified Lead,8/20/2026 2:13:00 PM America/New_York,200,USD
Cj0KCQjwm8bTBhDWARIsAC9Hi8mZwuWNgXzsZetCjbRviSeKJ7tstpBYaIqMMCcF_9GozVK2kUy4esYaAtekEALw_wcB,Qualified Lead,8/5/2026 12:00:00 AM America/New_York,200,USD
Cj0KCQjwv4XUBhDBARIsAE6bQUSi1QFoD6gxtS23SVfix9pbR1fcXiQ1NYCqgtr3EuHp4LRkfxgRo-waAguiEALw_wcB,Qualified Lead,8/16/2026 11:27:00 AM America/New_York,200,USD
EAIaIQobChMI0umqpJGmlgMV4EdHAR3k4Co8EAAYASABEgLAsvD_BwE,Qualified Lead,8/16/2026 5:57:00 PM America/New_York,200,USD
EAIaIQobChMI0umqpJGmlgMV4EdHAR3k4Co8EAAYASABEgLAsvD_BwE,Sold Job,8/16/2026 5:57:01 PM America/New_York,13954,USD
EAIaIQobChMIkq2JlNCtlgMVdERHAR34BzEUEAAYASAAEgKKDPD_BwE,Qualified Lead,8/20/2026 12:00:00 AM America/New_York,200,USD
Cj0KCQjw-MDTBhCgARIsAKAkdlRq2Qb3J5E7maQZ77Eeq0sI8j-piQF46hbumTh1aUkhKr3l9yATjaAaAukwEALw_wcB,Qualified Lead,8/3/2026 2:43:00 PM America/New_York,200,USD
CjwKCAjw4dDTBhAqEiwAkHYmSpSXQkP4qIT2it8Gv1IXRDVigtpB0RqPjT3pC774IpN-mrIk_9dRJBoC4jgQAvD_BwE,Qualified Lead,8/6/2026 5:09:00 PM America/New_York,200,USD
Cj0KCQjw7eXTBhDBARIsAKF-w453mPCglE6cMwhpjARmIOJpx_3Dwe0O7fJp-2Y0j15NrpOItlcRFaQaAjmrEALw_wcB,Qualified Lead,8/10/2026 7:50:00 AM America/New_York,200,USD
CjwKCAjwy5rUBhB5EiwAIoAtChNz0dLz5fb5F_KB4ZkzMYyft7VD7TurTBaJO5AbDgSCdIZvTXkK9RoCbeIQAvD_BwE,Qualified Lead,8/20/2026 12:00:00 AM America/New_York,200,USD
Cj0KCQjwhsrUBhDxARIsAN3AQScdXIOgwQk8JBmM81WsWsQXlt5uscB1yDuy91S9UlSMy4Ma6bHk0GAaAmruEALw_wcB,Qualified Lead,8/31/2026 12:00:00 AM America/New_York,200,USD
CjwKCAjwyuDTBhB-EiwANCQhLHl0Mq0z8QvErZKELfDne7EYpfl5X2T0ypaRyfazNmkC3CXaziWbFBoCjcwQAvD_BwE,Qualified Lead,8/9/2026 5:26:00 PM America/New_York,200,USD
CjwKCAjwqc_UBhBKEiwAWbl25s30zKczkbW1ibvzEoiROZPnj9sPrCR89fevYM3wwc75WZAKmAyPsxoC6doQAvD_BwE,Qualified Lead,8/31/2026 12:00:00 AM America/New_York,200,USD
EAIaIQobChMI9K6rrrGKlgMVDGVHAR22SCpqEAMYAiAAEgL36_D_BwE,Qualified Lead,8/5/2026 12:00:00 AM America/New_York,200,USD
Cj0KCQjw-MDTBhCgARIsAKAkdlRCeZ7pTdtMejSfYpxUzkn6Ldl7Ur7pfgCTsmAwhA9Wcrc8aGbUahIaAoZMEALw_wcB,Qualified Lead,8/3/2026 10:29:00 AM America/New_York,200,USD
Cj0KCQjw-MDTBhCgARIsAKAkdlRCeZ7pTdtMejSfYpxUzkn6Ldl7Ur7pfgCTsmAwhA9Wcrc8aGbUahIaAoZMEALw_wcB,Sold Job,8/3/2026 10:29:01 AM America/New_York,7805,USD
EAIaIQobChMI4fyAiqqMlgMVKDgIBR2HFhNhEAAYASAAEgKiuvD_BwE,Qualified Lead,8/6/2026 12:00:00 AM America/New_York,200,USD
CjwKCAjwhZDUBhBGEiwAbi5bjmU_jJk8qDOsEdEmErAh_omiqVwh_ncf7Zqm1IOMVXeabrb57hFbgRoCYXUQAvD_BwE,Qualified Lead,8/18/2026 4:04:00 PM America/New_York,200,USD
Cj0KCQjw-frTBhCvARIsADv4XY7VN51bcFm2fzQdd4TYjrvPE4nccSqtK7T0Ll7jX3y9Yk2nvSOPu3UaAjp5EALw_wcB,Qualified Lead,8/14/2026 12:00:00 AM America/New_York,200,USD
EAIaIQobChMIifyVlIyylgMVe0lHAR0JTTOAEAAYAiAAEgIJEPD_BwE,Qualified Lead,8/21/2026 12:00:00 AM America/New_York,200,USD
EAIaIQobChMIxe6gvdmKlgMVy0xHAR1-hytFEAAYASANEgIIAvD_BwE,Qualified Lead,8/6/2026 12:00:00 AM America/New_York,200,USD
Cj0KCQjwm8bTBhDWARIsAC9Hi8lolvXX5geR4JBiwsJ71H8euA7em5jhHCqIf52BdBRQVzl82lvxy9QaAvhfEALw_wcB,Qualified Lead,8/4/2026 1:58:00 PM America/New_York,200,USD
CjwKCAjw-rTUBhAiEiwADv8gBCqY9SYNYfwziwmsDnhUH7g5dh1mSL2rJmdwNVm9J9BV4fUCjzcMrBoCCV0QAvD_BwE,Qualified Lead,8/26/2026 12:00:00 AM America/New_York,200,USD
Cj0KCQjw-MDTBhCgARIsAKAkdlQH4xFJvHZtbmA1uQ8CtVO6a-FRTRaNWlSa6G348H1nwilrstg7y3waAqRyEALw_wcB,Qualified Lead,8/3/2026 2:37:00 PM America/New_York,200,USD
